Elements,lattice_constants,electronegativity,melting_temp,atomic_radii,valence electron
Mo,3.147,1.47,2896,1.363,6
Ta,3.3013,1.34,3290,1.43,5
Ti,2.9508,1.38,1941,1.462,4
Zr,3.232,1.32,2128,1.603,4
W,3.1652,1.47,3695,1.367,6
Al,4.0495,1.613,933.47,1.432,3
Cr,2.91,1.65,2180,1.249,6
Nb,3.3004,1.41,2750,1.429,5
V,3.03,1.53,2183,1.316,5
